{"configVersion":"2","kronhud:armorhud":{"enabled":true,"scale":1.0,"textcolor":"#FFFFFFFF","shadow":true,"background":false,"backgroundcolor":"#64000000","x":1.0,"y":1.0},"kronhud:arrowhud":{"enabled":true,"scale":1.0,"textcolor":"#FFFFFFFF","shadow":true,"background":false,"backgroundcolor":"#64000000","dynamic":false,"allArrowTypes":false,"x":0.9674267172813416,"y":1.0},"kronhud:cpshud":{"enabled":false,"scale":1.0,"textcolor":"#FFFFFFFF","shadow":true,"background":true,"backgroundcolor":"#64000000","cpskeybind":false,"rightcps":false,"x":0.0,"y":0.0},"kronhud:crosshairhud":{"enabled":false,"scale":1.0,"type":"cross","showInF5":false,"defaultcolor":"#FFFFFFFF","entitycolor":"#FFBF2222","blockcolor":"#FF3399FF","attackindicatorbg":"#FF141414","attackindicatorfg":"#FFFFFFFF","x":0.5,"y":0.5},"kronhud:fpshud":{"enabled":true,"scale":1.0,"textcolor":"#FFFFFFFF","shadow":true,"background":true,"backgroundcolor":"#64000000","x":0.0,"y":0.13256484270095825},"kronhud:iphud":{"enabled":false,"scale":1.0,"textcolor":"#FFFFFFFF","shadow":true,"background":true,"backgroundcolor":"#64000000","x":0.0,"y":0.0},"kronhud:speedhud":{"enabled":false,"scale":1.0,"textcolor":"#FFFFFFFF","shadow":true,"background":true,"backgroundcolor":"#64000000","horizontal":true,"x":0.0,"y":0.0},"kronhud:itemupdatehud":{"enabled":false,"scale":1.0,"shadow":true,"timeout":6,"x":0.0,"y":0.0},"kronhud:keystrokehud":{"enabled":false,"scale":1.0,"textcolor":"#FFFFFFFF","heldtextcolor":"#FF000000","shadow":false,"background":true,"backgroundcolor":"#64000000","heldbackgroundcolor":"#64FFFFFF","x":0.0,"y":0.0},"kronhud:pinghud":{"enabled":true,"scale":1.0,"textcolor":"#FFFFFFFF","shadow":true,"background":true,"backgroundcolor":"#64000000","x":0.0,"y":0.09510086476802826},"kronhud:potionshud":{"enabled":true,"scale":0.7,"textcolor":"#FFFFFFFF","shadow":true,"x":0.0,"y":0.41363635659217834},"kronhud:coordshud":{"enabled":true,"scale":1.0,"background":true,"backgroundcolor":"#64000000","firsttextcolor":"#FF3399FF","secondtextcolor":"#FFFFFFFF","decimalplaces":0,"x":0.0,"y":0.006079027429223061},"kronhud:bossbarhud":{"enabled":false,"scale":1.0,"text":true,"textcolor":"#FFFFFFFF","shadow":true,"bar":true,"x":0.0,"y":0.0},"kronhud:scoreboardhud":{"enabled":false,"scale":1.0,"background":true,"topbackgroundcolor":"#66000000","backgroundcolor":"#4C000000","shadow":true,"scores":true,"scorecolor":"#FFFF5555","x":0.0,"y":0.0},"kronhud:actionbarhud":{"enabled":false,"scale":1.0,"shadow":true,"timeshown":60,"customtextcolor":false,"textcolor":"#FFFFFFFF","x":0.0,"y":0.0}}